{
    "pid": 28779,
    "country": "India",
    "profile": "\n\nSome felt he couldn't play the bouncer, others swore that he was God on the off-side; some laughed at his lack of athleticism, others took immense pride in his ability to galvanise a side. Sourav Ganguly's ability to polarise opinion led to one of the most fascinating dramas in Indian cricket. Yet, nobody can dispute that he was India's most successful Test captain - forging a winning unit from a bunch of talented, but directionless, individuals - and nobody can argue about him being one of the greatest one-day batsmen of all time. Despite being a batsman who combined grace with surgical precision in his strokeplay, his career had spluttered to a standstill before being resurrected by a scintillating hundred on debut at Lord's in 1996. Later that year, he was promoted to the top of the order in ODIs and, along with Sachin Tendulkar, formed one of the most destructive opening pairs in history.  \n\n",
    "imageURL": "https://www.cricapi.com/playerpic/28779.jpg",
    "battingStyle": "Left-hand bat",
    "bowlingStyle": "Right-arm medium",
    "majorTeams": "India,Asia XI,Bengal,East Zone,Glamorgan,India Under-19s,Kolkata Knight Riders,Lancashire,Marylebone Cricket Club,Northamptonshire,Pune Warriors",
    "born": "July 8, 1972, Calcutta (now Kolkata), Bengal",
    "fullName": "Sourav Chandidas Ganguly",
    "name": "Sourav Ganguly",
    "playingRole": null,
    "v": "2",
    "data": {
        "bowling": {
            "listA": {
                "10": "0", 
                "5w": "2",
                "4w": "4",
                "SR": "47.9",
                "Econ": "4.86",
                "Ave": "38.86",
                "BBM": "5/16",
                "BBI": "5/16",
                "Wkts": "171",
                "Runs": "6646",
                "Balls": "8199",
                "Inns": "",
                "Mat": "437"
            },
            "firstClass": {
                "10": "0",
                "5w": "4",
                "4w": "",
                "SR": "66.5",
                "Econ": "3.29",
                "Ave": "36.52",
                "BBM": "",
                "BBI": "6/46",
                "Wkts": "167",
                "Runs": "6099",
                "Balls": "11108",
                "Inns": "",
                "Mat": "254"
            },
            "ODIs": {
                "10": "0",
                "5w": "2",
                "4w": "1",
                "SR": "45.6",
                "Econ": "5.06",
                "Ave": "38.49",
                "BBM": "5/16",
                "BBI": "5/16",
                "Wkts": "100",
                "Runs": "3849",
                "Balls": "4561",
                "Inns": "171",
                "Mat": "311"
            },
            "tests": {
                "10": "0",
                "5w": "0",
                "4w": "0",
                "SR": "97.4",
                "Econ": "3.23",
                "Ave": "52.53",
                "BBM": "3/37",
                "BBI": "3/28",
                "Wkts": "32",
                "Runs": "1681",
                "Balls": "3117",
                "Inns": "99",
                "Mat": "113"
            }
        },
        "batting": {
            "listA": {
                "50": "97",
                "100": "31",
                "St": "0",
                "Ct": "131",
                "6s": "",
                "4s": "",
                "SR": "",
                "BF": "",
                "Ave": "41.32",
                "HS": "183",
                "Runs": "15622",
                "NO": "43",
                "Inns": "421",
                "Mat": "437"
            },
            "firstClass": {
                "50": "89",
                "100": "33",
                "St": "0",
                "Ct": "168",
                "6s": "",
                "4s": "",
                "SR": "",
                "BF": "",
                "Ave": "44.18",
                "HS": "239",
                "Runs": "15687",
                "NO": "44",
                "Inns": "399",
                "Mat": "254"
            },
            "ODIs": {
                "50": "72",
                "100": "22",
                "St": "0",
                "Ct": "100",
                "6s": "190",
                "4s": "1122",
                "SR": "73.70",
                "BF": "15416",
                "Ave": "41.02",
                "HS": "183",
                "Runs": "11363",
                "NO": "23",
                "Inns": "300",
                "Mat": "311"
            },
            "tests": {
                "50": "35",
                "100": "16",
                "St": "0",
                "Ct": "71",
                "6s": "57",
                "4s": "900",
                "SR": "51.25",
                "BF": "14070",
                "Ave": "42.17",
                "HS": "239",
                "Runs": "7212",
                "NO": "17",
                "Inns": "188",
                "Mat": "113"
            }
        }
    }
}
