{
    "pid": 35263,
    "country": "India",
    "profile": "\n\nVirender Sehwag has constructed an extraordinary career with a relentless quest, and a genius, for boundary hitting. With minimal footwork but maximum intent, he has piled Test runs at a faster pace than anyone in the history of cricket. Bowlers must always fancy their chances against a batsman who plays so many strokes; it's just that Sehwag fancies his chances against them much more. \n\n",
    "imageURL": "https://www.cricapi.com/playerpic/35263.jpg",
    "battingStyle": "Right-hand bat",
    "bowlingStyle": "Right-arm offbreak",
    "majorTeams": "India,Asia XI,Delhi,Delhi Daredevils,ICC World XI,India Blue,Kings XI Punjab,Leicestershire,Marylebone Cricket Club,Rajasthan Cricket Association President's XI",
    "born": "October 20, 1978, Delhi",
    "fullName": "Virender Sehwag",
    "name": "Virender Sehwag",
    "playingRole": "Top-order batsman",
    "v": "2",
    "data": {
        "bowling": {
            "listA": {
                "10": "0",
                "5w": "0", 
                "4w": "3",
                "SR": "42.3",
                "Econ": "5.14",
                "Ave": "36.29",
                "BBM": "4/6",
                "BBI": "4/6",
                "Wkts": "142",
                "Runs": "5154",
                "Balls": "6009",
                "Inns": "",
                "Mat": "332"
            },
            "firstClass": {
                "10": "0",
                "5w": "1",
                "4w": "",
                "SR": "82.0",
                "Econ": "3.11",
                "Ave": "42.57",
                "BBM": "",
                "BBI": "5/104",
                "Wkts": "105",
                "Runs": "4470",
                "Balls": "8614",
                "Inns": "",
                "Mat": "194"
            },
            "T20Is": {
                "10": "0",
                "5w": "0",
                "4w": "0",
                "SR": "-",
                "Econ": "20.00",
                "Ave": "-",
                "BBM": "-",
                "BBI": "-",
                "Wkts": "0",
                "Runs": "20",
                "Balls": "6",
                "Inns": "1",
                "Mat": "19"
            },
            "ODIs": {
                "10": "0",
                "5w": "0",
                "4w": "1",
                "SR": "45.7",
                "Econ": "5.26",
                "Ave": "40.13",
                "BBM": "4/6",
                "BBI": "4/6",
                "Wkts": "96",
                "Runs": "3853",
                "Balls": "4392",
                "Inns": "146",
                "Mat": "251"
            },
            "tests": {
                "10": "0",
                "5w": "1",
                "4w": "0",
                "SR": "93.2",
                "Econ": "3.04",
                "Ave": "47.35",
                "BBM": "5/118",
                "BBI": "5/104",
                "Wkts": "40",
                "Runs": "1894",
                "Balls": "3731",
                "Inns": "91",
                "Mat": "104"
            }
        },
        "batting": {
            "listA": {
                "50": "57",
                "100": "16",
                "St": "0",
                "Ct": "120",
                "6s": "",
                "4s": "",
                "SR": "",
                "BF": "",
                "Ave": "34.05",
                "HS": "219",
                "Runs": "10454",
                "NO": "14",
                "Inns": "321",
                "Mat": "332"
            },
            "firstClass": {
                "50": "55",
                "100": "42",
                "St": "0",
                "Ct": "166",
                "6s": "",
                "4s": "",
                "SR": "",
                "BF": "",
                "Ave": "47.36",
                "HS": "319",
                "Runs": "14683",
                "NO": "11",
                "Inns": "321",
                "Mat": "194"
            },
            "T20Is": {
                "50": "2",
                "100": "0",
                "St": "0",
                "Ct": "2",
                "6s": "16",
                "4s": "43",
                "SR": "145.38",
                "BF": "271",
                "Ave": "21.88",
                "HS": "68",
                "Runs": "394",
                "NO": "0",
                "Inns": "18",
                "Mat": "19"
            },
            "ODIs": {
                "50": "38",
                "100": "15",
                "St": "0",
                "Ct": "93",
                "6s": "136",
                "4s": "1132",
                "SR": "104.33",
                "BF": "7929",
                "Ave": "35.05",
                "HS": "219",
                "Runs": "8273",
                "NO": "9",
                "Inns": "245",
                "Mat": "251"
            },
            "tests": {
                "50": "32",
                "100": "23",
                "St": "0",
                "Ct": "91",
                "6s": "91",
                "4s": "1233",
                "SR": "82.23",
                "BF": "10441",
                "Ave": "49.34",
                "HS": "319",
                "Runs": "8586",
                "NO": "6",
                "Inns": "180",
                "Mat": "104"
            }
        }
    }
}
