{
    "pid": 253802,
    "country": "India",
    "profile": "\n\nIndia has given to the world many a great cricketer but perhaps none as ambitious as Virat Kohli. To meet his ambition, Kohli employed the technical assiduousness of Sachin Tendulkar and fitness that was in the league of top athletes in the world, not just cricketers. As a result, Kohli became the most consistent all-format accumulator of his time, making jaw-dropping chases look easy, and finding, in his own words, the safest possible way to score runs. Plenty of them. \n\n",
    "imageURL": "https://www.cricapi.com/playerpic/253802.jpg",
    "battingStyle": "Right-hand bat",
    "bowlingStyle": "Right-arm medium",
    "majorTeams": "India,Delhi,India A,India Blue,India Emerging Players,India Red,India Under-19s,Indian Board President's XI,North Zone,Oil & Natural Gas Corporation,Rest of India,Royal Challengers Bangalore,Surrey",
    "born": "November 5, 1988, Delhi",
    "fullName": "Virat Kohli",
    "name": "Virat Kohli",
    "playingRole": "Top-order batsman",
    "v": "2",
    "data": {
        "bowling": {
            "listA": {
                "10": "0",
                "5w": "0", 
                "4w": "0",
                "SR": "176.2",
                "Econ": "6.17",
                "Ave": "181.50",
                "BBM": "1/15",
                "BBI": "1/15",
                "Wkts": "4",
                "Runs": "726",
                "Balls": "705",
                "Inns": "55",
                "Mat": "282"
            },
            "firstClass": {
                "10": "0",
                "5w": "0",
                "4w": "0",
                "SR": "214.3",
                "Econ": "3.15",
                "Ave": "112.66",
                "BBM": "2/42",
                "BBI": "1/19",
                "Wkts": "3",
                "Runs": "338",
                "Balls": "643",
                "Inns": "25",
                "Mat": "118"
            },
            "T20Is": {
                "10": "0",
                "5w": "0",
                "4w": "0",
                "SR": "36.5",
                "Econ": "8.13",
                "Ave": "49.50",
                "BBM": "1/13",
                "BBI": "1/13",
                "Wkts": "4",
                "Runs": "198",
                "Balls": "146",
                "Inns": "12",
                "Mat": "82"
            },
            "ODIs": {
                "10": "0",
                "5w": "0",
                "4w": "0",
                "SR": "160.2",
                "Econ": "6.22",
                "Ave": "166.25",
                "BBM": "1/15",
                "BBI": "1/15",
                "Wkts": "4",
                "Runs": "665",
                "Balls": "641",
                "Inns": "48",
                "Mat": "248"
            },
            "tests": {
                "10": "0",
                "5w": "0",
                "4w": "0",
                "SR": "-",
                "Econ": "2.88",
                "Ave": "-",
                "BBM": "-",
                "BBI": "-",
                "Wkts": "0",
                "Runs": "84",
                "Balls": "175",
                "Inns": "11",
                "Mat": "86"
            }
        },
        "batting": {
            "listA": {
                "50": "66",
                "100": "47",
                "St": "0",
                "Ct": "146",
                "6s": "145",
                "4s": "1280",
                "SR": "93.31",
                "BF": "14262",
                "Ave": "57.86",
                "HS": "183",
                "Runs": "13309",
                "NO": "42",
                "Inns": "272",
                "Mat": "282"
            },
            "firstClass": {
                "50": "30",
                "100": "34",
                "St": "0",
                "Ct": "113",
                "6s": "37",
                "4s": "1124",
                "SR": "57.66",
                "BF": "16455",
                "Ave": "53.91",
                "HS": "254*",
                "Runs": "9489",
                "NO": "17",
                "Inns": "193",
                "Mat": "118"
            },
            "T20Is": {
                "50": "24",
                "100": "0",
                "St": "0",
                "Ct": "41",
                "6s": "76",
                "4s": "258",
                "SR": "138.24",
                "BF": "2021",
                "Ave": "50.80",
                "HS": "94*",
                "Runs": "2794",
                "NO": "21",
                "Inns": "76",
                "Mat": "82"
            },
            "ODIs": {
                "50": "58",
                "100": "43",
                "St": "0",
                "Ct": "128",
                "6s": "121",
                "4s": "1116",
                "SR": "93.25",
                "BF": "12726",
                "Ave": "59.33",
                "HS": "183",
                "Runs": "11867",
                "NO": "39",
                "Inns": "239",
                "Mat": "248"
            },
            "tests": {
                "50": "22",
                "100": "27",
                "St": "0",
                "Ct": "82",
                "6s": "22",
                "4s": "811",
                "SR": "57.68",
                "BF": "12552",
                "Ave": "53.62",
                "HS": "254*",
                "Runs": "7240",
                "NO": "10",
                "Inns": "145",
                "Mat": "86"
            }
        }
    }
}
