{
    "pid": 36084,
    "country": "India",
    "profile": "\n\nWhen all is well with Yuvraj Singh, he hits the ball as clean and long as it has ever been hit. When all is not well, he looks so awkward you forget he can hit the ball clean and long. All has been well with Yuvraj more often in limited-overs cricket, where he can be effortless and brutal at the same time, than in Tests, though his form and consistency has been on the decline since his comeback following a recovery from a rare form of germ cell cancer in 2012. When he started off, though, his athleticism on the field and his canny left-arm spin made him a key one-day player as Indian cricket went through a makeover at the turn of the century. \n\n",
    "imageURL": "https://www.cricapi.com/playerpic/36084.jpg",
    "battingStyle": "Left-hand bat",
    "bowlingStyle": "Slow left-arm orthodox",
    "majorTeams": "India,Asia XI,Delhi Daredevils,India A,Kings XI Punjab,Pune Warriors,Punjab,Royal Challengers Bangalore,Sunrisers Hyderabad,Yorkshire",
    "currentAge": "35 years 320 days",
    "born": "December 12, 1981, Chandigarh",
    "fullName": "Yuvraj Singh",
    "name": "Yuvraj Singh",
    "playingRole": "Middle-order batsman",
    "v": "2",
    "data": {
        "bowling": {
            "listA": {
                "10": "0", 
                "5w": "1",
                "4w": "2",
                "SR": "42.4",
                "Econ": "5.07",
                "Ave": "35.92",
                "BBM": "5/31",
                "BBI": "5/31",
                "Wkts": "164",
                "Runs": "5892",
                "Balls": "6963",
                "Inns": "",
                "Mat": "411"
            },
            "firstClass": {
                "10": "0",
                "5w": "1",
                "4w": "",
                "SR": "84.9",
                "Econ": "3.48",
                "Ave": "49.33",
                "BBM": "",
                "BBI": "5/94",
                "Wkts": "39",
                "Runs": "1924",
                "Balls": "3312",
                "Inns": "",
                "Mat": "134"
            },
            "T20Is": {
                "10": "0",
                "5w": "0",
                "4w": "0",
                "SR": "15.1",
                "Econ": "7.06",
                "Ave": "17.82",
                "BBM": "3/17",
                "BBI": "3/17",
                "Wkts": "28",
                "Runs": "499",
                "Balls": "424",
                "Inns": "31",
                "Mat": "58"
            },
            "ODIs": {
                "10": "0",
                "5w": "1",
                "4w": "2",
                "SR": "45.4",
                "Econ": "5.10",
                "Ave": "38.68",
                "BBM": "5/31",
                "BBI": "5/31",
                "Wkts": "111",
                "Runs": "4294",
                "Balls": "5048",
                "Inns": "161",
                "Mat": "304"
            },
            "tests": {
                "10": "0",
                "5w": "0",
                "4w": "0",
                "SR": "103.4",
                "Econ": "3.52",
                "Ave": "60.77",
                "BBM": "2/20",
                "BBI": "2/9",
                "Wkts": "9",
                "Runs": "547",
                "Balls": "931",
                "Inns": "35",
                "Mat": "40"
            }
        },
        "batting": {
            "listA": {
                "50": "76",
                "100": "19",
                "St": "0",
                "Ct": "129",
                "6s": "",
                "4s": "",
                "SR": "",
                "BF": "",
                "Ave": "37.97",
                "HS": "172",
                "Runs": "12227",
                "NO": "55",
                "Inns": "377",
                "Mat": "411"
            },
            "firstClass": {
                "50": "36",
                "100": "26",
                "St": "0",
                "Ct": "117",
                "6s": "",
                "4s": "",
                "SR": "",
                "BF": "",
                "Ave": "45.23",
                "HS": "260",
                "Runs": "8866",
                "NO": "18",
                "Inns": "214",
                "Mat": "134"
            },
            "T20Is": {
                "50": "8",
                "100": "0",
                "St": "0",
                "Ct": "12",
                "6s": "74",
                "4s": "77",
                "SR": "136.38",
                "BF": "863",
                "Ave": "28.02",
                "HS": "77*",
                "Runs": "1177",
                "NO": "9",
                "Inns": "51",
                "Mat": "58"
            },
            "ODIs": {
                "50": "52",
                "100": "14",
                "St": "0",
                "Ct": "94",
                "6s": "155",
                "4s": "908",
                "SR": "87.67",
                "BF": "9924",
                "Ave": "36.55",
                "HS": "150",
                "Runs": "8701",
                "NO": "40",
                "Inns": "278",
                "Mat": "304"
            },
            "tests": {
                "50": "11",
                "100": "3",
                "St": "0",
                "Ct": "31",
                "6s": "22",
                "4s": "260",
                "SR": "57.97",
                "BF": "3277",
                "Ave": "33.92",
                "HS": "169",
                "Runs": "1900",
                "NO": "6",
                "Inns": "62",
                "Mat": "40"
            }
        }
    }
}
